"nom_commercial","raison_sociale","email","telephone","website","adresse","ville","region","pays","code_postal","secteur_activite","taille_entreprise","type_entreprise","nombre_employes","chiffre_affaires","description","siren","siret","code_naf","qualification_score","score_pct","statut","segment","enrich_score","criteria_met","criteria_total","source","email_valid","website_active","linkedin_url","created_at","sector_confidence"
"C I L-CONVERGENCE INGENIERIE LOGICIEL","C I L-CONVERGENCE INGENIERIE LOGICIEL","contact@auplafond.com","09 55 00 66 33","https://www.convergence-ing.com","49 AVENUE KLEBER 75016 PARIS","Paris","Île-de-France","France","75016","Informatique","","","","","BIENVENUE NOS MÉTIERS TEAM DRAWMYBUILDING® LE LAB STUDIO DÉCOUVRIR L’ACTU CONTACT X Nous dessinons vos expériences sur-mesure rencontrons-nous Nos articles à la Une Bougez comme vous êtes ! CES ENTREPRISES QUI FONT TOUT POUR LEURS SALARIÉS ! L’expérience de l’utilisateur est-elle vraiment sa priorité ? L’ENTREPRISE SURFE SUR LES BUREAUX SOCIAUX ! Votre immeuble est une marque. Unique. Fort […]","342081965","34208196500010","62.01Z","70","70.0","QUALIFIE","","4","7","9","data.gouv.fr/Sirene","True","True","https://www.linkedin.com/company/convergence-ing%C3%A9nierie-conseil/","2026-04-16T12:58:52.462673","1.0"
"LOGICIELS HERTZIENS","LOGICIELS HERTZIENS","contact@mon-informaticien.com","03 88 95 33 55","https://www.mon-informaticien.com/entreprise/logiciels-hertziens-441069531-00040","9 RUE DU FAUBOURG SAINT-HONORE 75008 PARIS","Paris","Île-de-France","France","75008","Informatique","","","","","Faites appel à l'entreprise d'informatique LOGICIELS HERTZIENS (SARL) située à Paris-8 (75008). Cet informaticien est notamment spécialisé en Prestations informatiques.","441069531","44106953100040","62.02A","70","70.0","QUALIFIE","","3","7","9","annuaire-entreprises.data.gouv.fr","True","True","","2026-04-16T12:58:56.030270","1.0"
"CONSULTING TEST LOGICIELS","CONSULTING TEST LOGICIELS","sourcing@dsyconsulting.fr","07 82 14 43 93","https://dsyconsulting.fr","8 B RUE ABEL 75012 PARIS","Paris","Île-de-France","France","75012","Informatique","","","","","DSY Consulting, cabinet spécialisé en test logiciel et assurance qualité : tests fonctionnels, tests automatisés, qualification UAT, bonnes pratiques QA et intégration dans des chaînes CI/CD.","913295093","91329509300011","62.02A","70","70.0","QUALIFIE","","4","7","9","annuaire-entreprises.data.gouv.fr","True","True","https://www.linkedin.com/company/dsyconsulting/","2026-04-16T12:58:56.030270","1.0"
"La pépite","La pépite","privacy@urecommend.co","+33954040480","https://lespepitesparis.fr/fr","40 Rue Laffitte","Paris","Île-de-France","France","","Informatique","","","","","","","","","70","70.0","QUALIFIE","","3","7","9","OpenStreetMap","True","True","","2026-04-16T12:58:57.899607","1.0"
"Sébastien Bourgine","Sébastien Bourgine","contact@sebastienbourgine.com","06 82 40 90 20","https://www.sebastienbourgine.com","88 Avenue Simón Bolívar","Paris","Île-de-France","France","","Informatique","","","","","Webdesign services","","","","70","70.0","QUALIFIE","","3","7","9","OpenStreetMap","True","True","","2026-04-16T12:58:57.899607","1.0"
"Microsoft France","Microsoft France","ms-enterprise.ca@sktes.com","+33 1 57 75 10 00","http://www.microsoft.com/fr/fr","","Paris","Île-de-France","France","","Informatique","","","","","","","","","70","70.0","QUALIFIE","","3","7","9","OpenStreetMap","True","True","","2026-04-16T12:58:57.899607","1.0"
"Easter-eggs","Easter-eggs","info@easter-eggs.com","+33 1 43 35 00 37","https://www.easter-eggs.com","44/46, rue de l'Ouest75014ParisFrance","Paris","Île-de-France","France","","Informatique","","","","","Créée en 1997, Easter-eggs est une des plus anciennes ENL (Entreprise du Numérique Libre). Spécialiste GNU/Linux, ses métiers couvrent tous les champs des ENL : installation, administration et sécurisation de systèmes, adaptation de logiciels sous environnement GNU/Linux, développements spécifiques, conseil, audit et formation.","","","","70","70.0","QUALIFIE","","3","7","9","OpenStreetMap","True","True","","2026-04-16T12:58:57.899607","1.0"
"/ut7","/ut7","paris@ut7.fr","09 72 44 75 46","http://ut7.fr","14 avenue Ledru-Rollin 75012 Paris - France","Paris","Île-de-France","France","","Informatique","","","","","/ut7 est une anthroprise expérimentale","","","","70","70.0","QUALIFIE","","3","7","9","OpenStreetMap","True","True","","2026-04-16T12:58:57.899607","1.0"
"Zenika","Zenika","mydata@zenika.com","+33 1 45 26 19 15","https://zenika.com","53 rue de Châteaudun","Paris","Île-de-France","France","75009","Informatique","","","","","Cabinet de Conseil en IT","","","","70","70.0","QUALIFIE","","4","7","9","OpenStreetMap","True","True","https://www.linkedin.com/company/zenika/?originalSubdomain=fr","2026-04-16T12:58:57.899607","1.0"
"Openska","Openska","contact@openska.com","01 42 62 91 86","https://www.openska.com","","Paris","Île-de-France","France","","Informatique","","","","","Openska est spécialiste de la formation (Tel : 01 84 25 05 10). Plus de 100 formations professionnelles avec une spécialisation Web, Data et DevOps","","","","70","70.0","QUALIFIE","","3","7","9","OpenStreetMap","True","True","","2026-04-16T12:58:57.899607","1.0"
"Mathworks","Mathworks","info@mathworks.fr","+33 1 41 14 87 00","http://www.mathworks.fr","","Paris","Île-de-France","France","","Informatique","","","","","","","","","70","70.0","QUALIFIE","","3","7","9","OpenStreetMap","True","True","","2026-04-16T12:58:57.900606","1.0"
"E.S.R.","E.S.R.","contacts@esr.fr","+33 1 47 65 14 00","http://www.esr.fr","","Paris","Île-de-France","France","","Informatique","","","","","","","","","70","70.0","QUALIFIE","","3","7","9","OpenStreetMap","True","True","","2026-04-16T12:58:57.900606","1.0"
"Openbridge","Openbridge","contact@openbridge.fr","+33 1 41 17 41 30","https://www.openbridge.fr","","Paris","Île-de-France","France","","Informatique","","","","","","","","","70","70.0","QUALIFIE","","3","7","9","OpenStreetMap","True","True","","2026-04-16T12:58:57.900606","1.0"
"Alten (Groupe)","Alten (Groupe)","privacy@kinsta.com","+33 1 46 08 72 00","https://www.alten.fr","ALTEN France Siège social 221 bis boulevard Jean Jaures 92100 Boulogne Billancourt 65 avenue Edouard Vaillant 92514 Boulogne-Billancourt Cedex","Paris","Île-de-France","France","","Informatique","","","","","ALTEN accompagne ses clients dans les domaines de l’innovation, de la R&D et des systèmes d’information en France comme dans le monde entier.","","","","70","70.0","QUALIFIE","","4","7","9","OpenStreetMap","True","True","https://fr.linkedin.com/company/alten","2026-04-16T12:58:57.900606","1.0"
"DL Santé","DL Santé","info@dlsante.fr","+33 1 46 11 03 00","http://www.dlsante.fr","","Paris","Île-de-France","France","","Informatique","","","","","","","","","70","70.0","QUALIFIE","","3","7","9","OpenStreetMap","True","True","","2026-04-16T12:58:57.900606","1.0"
"Excelcio","Excelcio","contact@excelcio.com","+33 1 71 19 45 00","https://excelcio.com","113 Rue Saint-Maur","Paris","Île-de-France","France","75011","Informatique","","","","","","","","","70","70.0","QUALIFIE","","3","7","9","OpenStreetMap","True","True","","2026-04-16T12:58:57.900606","1.0"
"Subskill","Subskill","contact@subskill.com","01 81 70 15 65","https://www.subskill.com","","Paris","Île-de-France","France","","Informatique","","","","","Subskill est une agence digitale experte en e-commerce, plateformes digitales, applications mobiles. L'agence accompagne les marques sur leurs projets de transformation digitale.","","","","70","70.0","QUALIFIE","","4","7","9","OpenStreetMap","True","True","https://www.linkedin.com/company/subskill/","2026-04-16T12:58:57.900606","1.0"
"Varcap Informatique","Varcap Informatique","contact@depannage-informatique-75019.paris","+33 6 51 50 72 52","https://depannage-informatique-75019.paris","21 Place de la République","Paris","Île-de-France","France","75003","Informatique","","","","","Varcap Informatique est une société de dépannage informatique PC et Mac, intervenant à domicile et en entreprise.","","","","70","70.0","QUALIFIE","","3","7","9","OpenStreetMap","True","True","","2026-04-16T12:58:57.900606","1.0"
"Probayes","Probayes","rgpd@probayes.com","+33 4 76 42 64 13","https://www.probayes.com","9 Rue du Colonel Pierre Avia","Paris","Île-de-France","France","75015","Informatique","","","","","Découvrez les solutions IA de Probayes : machine learning, NLP, vision par ordinateur et plus pour transformer vos données en valeur ajoutée","","","","70","70.0","QUALIFIE","","3","7","9","OpenStreetMap","True","True","","2026-04-16T12:58:57.900606","1.0"
"Nuxly","Nuxly","bonjourosm@nuxly.com","+33 1 88 32 06 20","https://www.nuxly.com","97 Rue de Montreuil","Paris","Île-de-France","France","75011","Informatique","TPE","","","","Nuxly est une société de conseil en technologies de l'information et de la communication pour PME, TPE et startup.","","","","70","70.0","QUALIFIE","","3","7","9","OpenStreetMap","True","True","","2026-04-16T12:58:57.900606","1.0"
"Capgemini","Capgemini","contact@capgemini.com","+33 1 47 54 50 00","https://www.capgemini.com","11 Rue de Tilsitt","Paris","Île-de-France","France","","Informatique","","","","","Siège Social","","","","70","70.0","QUALIFIE","","4","7","9","OpenStreetMap","True","True","https://www.linkedin.com/company/capgemini","2026-04-16T12:58:57.900606","1.0"
"BDD Computing","BDD Computing","support@bddcomputing.fr","06 18 30 30 30","https://bddcomputing.fr","","Paris","Île-de-France","France","","Informatique","","","","","BDD Computing : dépannage, maintenance, développement web, cybersécurité, récupération de données et formation pour particuliers et professionnels. Intervention Paris et Île-de-France.","","","","70","70.0","QUALIFIE","","3","7","9","OpenStreetMap","True","True","","2026-04-16T12:58:57.901606","1.0"
"fastmag","fastmag","contact@fastmag.fr","0208943772","https://www.fastmag.fr","","Paris","Île-de-France","France","","Informatique","","","","","ERP commerce mode, Fastmag centralise retail, ventes B2B, production et analyse pour piloter votre activité en temps réel.","","","","70","70.0","QUALIFIE","","3","7","9","OpenStreetMap","True","True","","2026-04-16T12:58:57.901606","1.0"
"24ème","24ème","contact@24eme.fr","01 94 25 84 01","https://www.24eme.fr","182 Boulevard de la Villette","Paris","Île-de-France","France","75019","Informatique","","","","","Conception et développement de logiciels libres adaptés aux métiers de nos clients","","","","70","70.0","QUALIFIE","","4","7","9","OpenStreetMap","True","True","https://www.linkedin.com/company/9437998","2026-04-16T12:58:57.901606","1.0"
"Threekit","Threekit","contact@threekit.com","+33 6 15 37 15 79","https://www.threekit.com/fr","91 Rue du Faubourg Saint-Honoré","Paris","Île-de-France","France","75008","Informatique","","","","","Le configurateur vous permet de visualiser des produits en 2D photoréaliste, en 3D et en réalité augmentée, le tout à partir d'une seule plateforme.","","","","70","70.0","QUALIFIE","","3","7","9","OpenStreetMap","True","True","","2026-04-16T12:58:57.901606","1.0"
"Adisinfo","Adisinfo","byvivre.tnl@cnevf.se","01 49 52 42 81","https://www.paris.fr/?+=","","Paris","Île-de-France","France","","Informatique","","","","","","","","","70","70.0","QUALIFIE","","4","7","9","OpenStreetMap","True","True","https://www.linkedin.com/company/villedeparis/","2026-04-16T12:58:57.901606","1.0"
"AlloMarcel","AlloMarcel","contact@allomarcel.com","09 50 59 56 56","https://allomarcel.com","","Paris","Île-de-France","France","","Informatique","","","","","AlloMarcel a sélectionné pour vous les meilleurs artisans de quartiers, qualifiés et honnêtes,
    pour tous vos travaux, petits et gros !","","","","70","70.0","QUALIFIE","","4","7","9","OpenStreetMap","True","True","https://www.linkedin.com/company/allomarcel-com?trk=company_logo","2026-04-16T12:58:57.901606","1.0"
"Yichnal","Yichnal","stephane@yichnal.fr","+33 7 67 61 21 51","https://www.yichnal.fr","1 Avenue de la Porte Brancion","Paris","Île-de-France","France","75015","Informatique","","","","","Yichnal est votre allié de proximité dans le secteur de la formation et des services informatiques. Nous vous proposons : site internet (hébergement gratuit), sécurité, protection de la vie privée, formations (jeunes & adultes) et cours de photographie.","","","","70","70.0","QUALIFIE","","3","7","9","OpenStreetMap","True","True","","2026-04-16T12:58:57.901606","1.0"
"Salesforce","Salesforce","info@jp.salesforce.com","+212520312220","https://www.salesforce.com/fr/company/locations","","Paris","Île-de-France","France","","Informatique","","","","","Salesforce est présent dans le monde entier. Retrouvez nos bureaux à travers le monde et découvrez comment nous transformons l'IA et les CRM dans votre pays.","","","","70","70.0","QUALIFIE","","3","7","9","OpenStreetMap","True","True","","2026-04-16T12:58:57.902606","1.0"
"ipéfix","ipéfix","contact@ipefix.net","01 77 48 88 00","https://www.ipefix.net","4 Rue Severo 75014 Paris","Paris","Île-de-France","France","","Informatique","","","","","En sa qualité d’opérateur Réseaux & Télécoms, IPEFIX propose aux hôteliers des solutions Fibre, Wifi, Chromecast et Téléphonie IP performantes, fiables et sécurisées.","","","","70","70.0","QUALIFIE","","4","7","9","OpenStreetMap","True","True","https://www.linkedin.com/company/ipefix/about/","2026-04-16T12:58:57.902606","1.0"
"Digitad","Digitad","nathan@integral.eu","+33 7 70 74 33 00","https://digitad.fr","Rue Bréguet","Paris","Île-de-France","France","75011","Informatique","","","","","Intégral, agence marketing digital Paris certifiée. SEO, GEO, Google Ads, Social Ads, IA. +200 clients et des résultats mesurables. Devis gratuit.","","","","70","70.0","QUALIFIE","","4","7","9","OpenStreetMap","True","True","https://www.linkedin.com/company/int%C3%A9gral-europe/","2026-04-16T12:58:57.902606","1.0"
"Synacktiv","Synacktiv","contact@synacktiv.com","+33 1 45 79 74 75","https://synacktiv.com","5 Boulevard Montmartre","Paris","Île-de-France","France","75002","Informatique","","","","","","","","","70","70.0","QUALIFIE","","3","7","9","OpenStreetMap","True","True","","2026-04-16T12:58:57.902606","1.0"
"Data-tricks","Data-tricks","contact@data-tricks.com","0140907863","https://www.data-tricks.com","","Paris","Île-de-France","France","","Informatique","","","","","","","","","70","70.0","QUALIFIE","","3","7","9","OpenStreetMap","True","True","","2026-04-16T12:58:57.902606","1.0"
"Auzou éditions","Auzou éditions","lequipe@auzou.com","01 40 33 84 00","https://www.auzou.fr","","Paris","Île-de-France","France","","Informatique","","","","","Les Éditions Auzou, maison indépendante dédiée cultive l’imagination des enfants grâce à des livres, romans, bd, des jeux, et de nombreux loisirs créatifs.","","","","70","70.0","QUALIFIE","","3","7","9","OpenStreetMap","True","True","","2026-04-16T12:58:57.902606","1.0"
"Tastycloud","Tastycloud","contact@tastycloud.fr","01 88 33 91 97","https://www.tastycloud.fr","","Paris","Île-de-France","France","","Informatique","","","","","La solution n°1 de menus digitalisés en France : Click & Collect, menus QR code ou sur tablette tactile... Déjà utilisé par plus de 1000 restaurateurs !","","","","70","70.0","QUALIFIE","","4","7","9","OpenStreetMap","True","True","https://www.linkedin.com/company/tastycloud/?originalSubdomain=fr","2026-04-16T12:58:57.902606","1.0"
"LA FABRIQUE LOGICIELLE","LA FABRIQUE LOGICIELLE","contact@la-fabrique-logicielle.fr","","https://www.la-fabrique-logicielle.fr","9 RUE STANISLAS 75006 PARIS","Paris","Île-de-France","France","75006","Informatique","","","","","","450308259","45030825900016","62.02A","60","60.0","QUALIFIE","","1","6","9","annuaire-entreprises.data.gouv.fr","True","False","","2026-04-16T12:58:56.030270","1.0"
"Aerow SAS","Aerow SAS","contact@aerow.fr","","http://www.aerow.fr","","Paris","Île-de-France","France","","Informatique","","","","","AEROW est un projet collectif aujourd’hui mené par des experts passionnés pour répondre aux enjeux de transformation digitale et gestion documentaire de nos clients. 
Aerow Group | Smart Contents","","","","60","60.0","QUALIFIE","","2","6","9","OpenStreetMap","True","True","","2026-04-16T12:58:57.899607","1.0"
"Quadra Informatique","Quadra Informatique","","+33 1 53 45 99 00","https://www.quadra-informatique.fr","","Paris","Île-de-France","France","","Informatique","","","","","","","","","60","60.0","QUALIFIE","","2","6","9","OpenStreetMap","False","True","","2026-04-16T12:58:57.899607","1.0"
"Defensive Lab Agency","Defensive Lab Agency","contact@defensive-lab.agency","","https://defensive-lab.agency","","Paris","Île-de-France","France","","Informatique","","","","","Defensive Lab Agency is a French company founded in 2018 by [Esther Onfroy](https://esther.codes) with the objective of providing expert services on digital security and software development to non-governmental organizations and civil society.","","","","60","60.0","QUALIFIE","","2","6","9","OpenStreetMap","True","True","","2026-04-16T12:58:57.900606","1.0"
"WebFabrick","WebFabrick","contact@webfabrick.com","","https://www.webfabrick.com","","Paris","Île-de-France","France","","Informatique","","","","","WebFabrick develops your web solution to simplify the management of your various activities. Immediate benefits and features tailored to your needs. Get your free customized demo.!","","","","60","60.0","QUALIFIE","","3","6","9","OpenStreetMap","True","True","https://www.linkedin.com/company/webfabrick","2026-04-16T12:58:57.900606","1.0"
"Deep Block","Deep Block","contact@deepblock.eu","","https://www.deepblock.eu","","Paris","Île-de-France","France","","Informatique","","","","","deepblock propose des services de signature électronique sécurisés et conformes à la réglementation eIDAS, incluant la génération rapide de certificats de signature qualifiée et des solutions de dépôt de créations. Notre plateforme utilise la blockchain pour garantir la sécurité des données et propose une API pour l'intégration de services SaaS. Hébergé en France, nous assurons une protection optimale des documents électroniques. Découvrez nos services pour sécuriser vos transactions numériques.","","","","60","60.0","QUALIFIE","","2","6","9","OpenStreetMap","True","True","","2026-04-16T12:58:57.901606","1.0"
"Contrôle-C","Contrôle-C","contact@ctrlc.fr","","https://ctrlc.fr","","Paris","Île-de-France","France","","Informatique","","","","","Contrôle-C est une agence de référence en France pour le SEO. Devenez NUMÉRO 1 sur GOOGLE et les moteurs de recherche via le RÉFÉRENCEMENT NATUREL PROFESSIONNEL","","","","60","60.0","QUALIFIE","","2","6","9","OpenStreetMap","True","True","","2026-04-16T12:58:57.901606","1.0"
"Scality","Scality","sales.eu@scality.com","","https://www.scality.com","","Paris","Île-de-France","France","","Informatique","","","","","Object storage solutions for enterprises to store, protect, and manage data across hybrid and multi-cloud environments.","","","","60","60.0","QUALIFIE","","3","6","9","OpenStreetMap","True","True","https://www.linkedin.com/company/scality","2026-04-16T12:58:57.901606","1.0"
"Alioscopy","Alioscopy","contact@alioscopy.com","","https://alioscopy.com","3 rue du Jourdain 75020 Paris FR","Paris","Île-de-France","France","","Informatique","","","","","Alioscopy est un pionnier des écrans 3D sans lunettes depuis 1987. Découvrez nos moniteurs autostéréoscopiques, l'Exobox holographique et Le Portail - un moniteur 3D 8K 65"" immersif avec tracking des yeux.","","","","60","60.0","QUALIFIE","","2","6","9","OpenStreetMap","True","True","","2026-04-16T12:58:57.901606","1.0"
"NeosLab","NeosLab","support@neoslab.com","","https://neoslab.com","","Paris","Île-de-France","France","","Informatique","","","","","Partner with a leading web agency for scalable, user-centered digital products. We blend design, tech, and strategy for global brands and startups.","","","","60","60.0","QUALIFIE","","3","6","9","OpenStreetMap","True","True","https://linkedin.com/company/neoslabx","2026-04-16T12:58:57.901606","1.0"
"Cozy Cloud","Cozy Cloud","","09 72 17 53 75","https://cozy.io/fr/legal","","Paris","Île-de-France","France","","Informatique","","","","","","","","","60","60.0","QUALIFIE","","2","6","9","OpenStreetMap","False","True","","2026-04-16T12:58:57.901606","1.0"
"Gandi","Gandi","direction@gandi.net","","https://www.gandi.net","","Paris","Île-de-France","France","","Informatique","","","","","➤ Gérez votre site web, vos emails, vos certificats SSL et vos serveurs VPS. ✅ Inclus avec un nom de domaine : 1 certificat SSL offert, Alias et redirections illimités et notre serveur de nom LiveDNS.","","","","60","60.0","QUALIFIE","","3","6","9","OpenStreetMap","True","True","https://www.linkedin.com/company/gandi/","2026-04-16T12:58:57.901606","1.0"
"AXE E-Santé","AXE E-Santé","","09 53 87 78 72","https://www.axepartner.com","","Paris","Île-de-France","France","","Informatique","","","","","Le parcours digital du patient est le coeur de métier de Axe E Santé. Notre métier est centré sur les solutions digitales d'accueil patient et de gestion de files d'attente. Ces solutions digitales d'accueil patient sont dédiées aux cliniques, hopitaux, établissement de soins, aux problématiques d'accueil patient en cabinet de radiologie, gestion de flux patient en laboratoire, gestion de file d'attente en pharmacie et officines, la gestion de l'attente en cabinet d'ophtalmologie. Axe E Santé es","","","","60","60.0","QUALIFIE","","2","6","9","OpenStreetMap","False","True","","2026-04-16T12:58:57.901606","1.0"
"Reciproque","Reciproque","contact@reciproque.com","","http://www.reciproque.com","","Paris","Île-de-France","France","","Informatique","","","","","Reciproque conçoit des interfaces numériques d'accès à la culture pour les musées, les espaces d'exposition, les bibliothèques et les sites du patrimoine.","","","","60","60.0","QUALIFIE","","3","6","9","OpenStreetMap","True","True","https://fr.linkedin.com/company/reciproque","2026-04-16T12:58:57.901606","1.0"
"Indexima","Indexima","contact@indexima.com","","https://indexima.com","","Paris","Île-de-France","France","","Informatique","","","","","Indexima for snowflake is a new solution that automatically accelerates your BI and data viz queries by designing and creating automatically Dynamic Tables within your snowflake.","","","","60","60.0","QUALIFIE","","2","6","9","OpenStreetMap","True","True","","2026-04-16T12:58:57.901606","1.0"
"Innovela","Innovela","contact@innovela.com","","https://www.innovela.com","","Paris","Île-de-France","France","","Informatique","","","","","Innovela vous accompagne dans votre transformation numérique. Experts en Cloud, Data, IA, et développement d'applications sur mesure. Découvrez nos services.","","","","60","60.0","QUALIFIE","","3","6","9","OpenStreetMap","True","True","https://fr.linkedin.com/company/innovela","2026-04-16T12:58:57.901606","1.0"
"NBS System","NBS System","contact@nbs-system.com","","https://www.nbs-system.com","","Paris","Île-de-France","France","","Informatique","","","","","Appuyez-vous sur notre expertise en cybersécurité pour entreprise et anticipez les risques : Pentest, Audit, coaching security champion et plus.","","","","60","60.0","QUALIFIE","","3","6","9","OpenStreetMap","True","True","https://www.linkedin.com/company/nbs-system/","2026-04-16T12:58:57.902606","1.0"
"Worteks","Worteks","info@worteks.com","","https://www.worteks.com","","Paris","Île-de-France","France","","Informatique","","","","","Infrastructures complexes et hétérogènes  Cloud | Authentification | Sécurité  Plateformes collaboratives","","","","60","60.0","QUALIFIE","","3","6","9","OpenStreetMap","True","True","https://www.linkedin.com/company/worteks","2026-04-16T12:58:57.902606","1.0"
"Resix","Resix","contact@resix.com","","https://www.resix.com","","Paris","Île-de-France","France","","Informatique","","","","","Resix occupe depuis 20 ans une position de leader sur le marché des solutions télécoms ouvertes de voix sur IP, notamment avec la plateforme NetXServ…","","","","60","60.0","QUALIFIE","","2","6","9","OpenStreetMap","True","True","","2026-04-16T12:58:57.902606","1.0"
"OrdiPhone Services","OrdiPhone Services","contact@superordi.fr","","https://superordi.fr/75/paris/ordiphone-services-92h","","Paris","Île-de-France","France","","Informatique","","","","","Magasin d'informatique « Ordiphone Services » rue d'Amsterdam à Paris : adresse, téléphone, horaires, email, site web","","","","60","60.0","QUALIFIE","","2","6","9","OpenStreetMap","True","True","","2026-04-16T12:58:57.902606","1.0"
"AMI INFORMATIQUE","AMI INFORMATIQUE","contact@bodacc.fr","","https://www.bodacc.fr/pages/annonces-commerciales-detail/?q.id=id:A202600391628","","Paris","Île-de-France","France","75018","Conseil IT","","Société par actions simplifiée","","","Bulletin officiel des annonces civiles et commerciales","101216091","","","50","50.0","QUALIFIE","","2","6","9","BODACC","True","True","","2026-04-16T12:58:52.559041","0.451"
"CIVISOFT-CVOX LOGICIEL","CIVISOFT-CVOX LOGICIEL","","","https://entreprises.lefigaro.fr/civisoft-civivox-logiciels-75/entreprise-950880674","55 AVENUE MARCEAU 75016 PARIS","Paris","Île-de-France","France","75016","Informatique","","","","","Société Civisoft-Cvox Logiciel (Paris, 75016) : numéro siret, siren, information, adresse, contact, numero tva intracommunautaire...","950880674","95088067400011","62.01Z","50","50.0","QUALIFIE","","1","5","9","data.gouv.fr/Sirene","False","True","","2026-04-16T12:58:52.463231","0.369"
"SOC CIVILE PROPRIETAIRE DES LOGICIELS","SOC CIVILE PROPRIETAIRE DES LOGICIELS","contact@mon-informaticien.com","03 88 95 33 55","https://www.mon-informaticien.com/entreprise/soc-civile-proprietaire-des-logiciels-392509022-00019","9 RUE BEETHOVEN 75016 PARIS","Paris","Île-de-France","France","75016","Agriculture","","","","","Faites appel à l'entreprise d'informatique SOC CIVILE PROPRIETAIRE DES LOGICIELS située à Paris-16 (75016). Cet informaticien est notamment spécialisé en Prestations informatiques.","392509022","39250902200019","62.01Z","50","50.0","QUALIFIE","","3","6","9","data.gouv.fr/Sirene","True","True","","2026-04-16T12:58:52.463231","0.313"
"CONSEIL LOGICIEL SECURITE (CLS)","CONSEIL LOGICIEL SECURITE","contact@cls.to","","http://www.cls.to","20 RUE MALAR 75007 PARIS","Paris","Île-de-France","France","75007","Cybersécurité","","","","","|","502281926","50228192600035","62.02A","50","50.0","QUALIFIE","","2","6","9","annuaire-entreprises.data.gouv.fr","True","True","","2026-04-16T12:58:56.030270","0.386"
"Le Laptop Jourdain","Le Laptop Jourdain","support@ovh.com","+33 1 77 16 65 24","https://www.lelaptop.com","6 Rue Arthur Rozier","Paris","Île-de-France","France","75019","Non spécifié","","","","","Le Laptop est un centre de formation aux métiers du design (UX Design, Design Sprint et Design Thinking), des espaces pour travailler ou organiser des ateliers, une communauté de designers et d'experts","","","","50","50.0","QUALIFIE","","3","6","9","OpenStreetMap","True","True","","2026-04-16T12:58:57.899607","0.0"
"Hove","Hove","","","https://www.hove.com/fr","20 Rue Hector Malot","Paris","Île-de-France","France","75012","Informatique","","","","","","","","","50","50.0","QUALIFIE","","1","5","9","OpenStreetMap","False","True","","2026-04-16T12:58:57.899607","1.0"
"Studio","Studio","contact@studio-parisien.com","09 72 47 68 61","https://studio-parisien.com","","Paris","Île-de-France","France","","Restauration","","","","","Hôtel d'entreprises","","","","50","50.0","QUALIFIE","","3","6","9","OpenStreetMap","True","True","","2026-04-16T12:58:57.899607","0.393"
"Le Cargo","Le Cargo","","","http://www.lecargo.paris","","Paris","Île-de-France","France","","Informatique","","","","","This domain may be for sale!","","","","50","50.0","QUALIFIE","","1","5","9","OpenStreetMap","False","True","","2026-04-16T12:58:57.899607","1.0"
"Incka (Groupe Astek)","Incka (Groupe Astek)","","","http://www.incka.fr","","Paris","Île-de-France","France","","Informatique","","","","","","","","","50","50.0","QUALIFIE","","1","5","9","OpenStreetMap","False","True","","2026-04-16T12:58:57.900606","1.0"
"B45","B45","contact@b45.fr","+33 6 09 75 89 58","https://www.b45.fr","","Paris","Île-de-France","France","","Non spécifié","","","","","","","","","50","50.0","QUALIFIE","","3","6","9","OpenStreetMap","True","True","","2026-04-16T12:58:57.900606","0.0"
"Artifica","Artifica","info@artifica.fr","","","2 Rue du Repos","Paris","Île-de-France","France","75020","Informatique","","","","","Tél. 01 40 09 77 12 - Création sites web, plans interactifs.","","","","50","50.0","QUALIFIE","","1","5","9","OpenStreetMap","True","False","","2026-04-16T12:58:57.900606","1.0"
"La Cordée","La Cordée","contact@la-cordee.net","09 73 25 31 40","https://www.la-cordee.net/cordee/paris/paris-gare-de-lyon","","Paris","Île-de-France","France","","Non spécifié","","","","","Profite d'un coworking quartier Gare de Lyon avec une cuisine ouverte, des salles de réunion, une verrière cachée et une communauté soudée !","","","","50","50.0","QUALIFIE","","4","6","9","OpenStreetMap","True","True","https://www.linkedin.com/company/lacordee/","2026-04-16T12:58:57.900606","0.0"
"Le Tank","Le Tank","contact@letank.fr","+33 1 43 14 71 23","https://letank.fr","","Paris","Île-de-France","France","","Non spécifié","","","","","","","","","50","50.0","QUALIFIE","","3","6","9","OpenStreetMap","True","True","","2026-04-16T12:58:57.900606","0.0"
"WISE Partners","WISE Partners","","","http://www.wise-partners.fr","","Paris","Île-de-France","France","","Informatique","","","","","This domain may be for sale!","","","","50","50.0","QUALIFIE","","1","5","9","OpenStreetMap","False","True","","2026-04-16T12:58:57.900606","1.0"
"comAvenue","comAvenue","","","https://www.comavenue.com","","Paris","Île-de-France","France","","Informatique","","","","","","","","","50","50.0","QUALIFIE","","1","5","9","OpenStreetMap","False","True","","2026-04-16T12:58:57.901606","1.0"
"Le Coffice","Le Coffice","contact@le-coffice.fr","+33 1 43 44 30 19","https://www.le-coffice.fr","79 Rue de Patay 75013 Paris FR","Paris","Île-de-France","France","","Non spécifié","","","","","Auberge de jeunesse et coworking à Paris 13ème, proche Bercy et Olympiades. Auberge à partir de 20€/nuit. Espace de coworking 5€/h tout est inclus. Domiciliation. Salle de réunion, bureau partagé.","","","","50","50.0","QUALIFIE","","3","6","9","OpenStreetMap","True","True","","2026-04-16T12:58:57.901606","0.0"
"acial","acial","","","https://acial.fr","","Paris","Île-de-France","France","","Informatique","","","","","","","","","50","50.0","QUALIFIE","","1","5","9","OpenStreetMap","False","True","","2026-04-16T12:58:57.902606","1.0"
"Prophesee","Prophesee","","","https://www.prophesee.ai","","Paris","Île-de-France","France","","Informatique","","","","","REVEAL THE INVISIBLE with the world's most advanced neuromorphic vision system, inspired by human vision and built on the foundation of neuromorphic engineering. PROPHESEE gives Metavision to machines, revealing what was previously invisible to them.","","","","50","50.0","QUALIFIE","","2","5","9","OpenStreetMap","False","True","https://www.linkedin.com/company/9297365/","2026-04-16T12:58:57.902606","1.0"
"Morning","Morning","contact@morning.fr","07 44 09 76 29","https://www.morning.fr","","Paris","Île-de-France","France","","Non spécifié","","","","","Morning crée des espaces de travail uniques indépendants ou en coworking et vous propose des services à la carte : aménagement sur mesure, événements, réunions.","","","","50","50.0","QUALIFIE","","4","6","9","OpenStreetMap","True","True","https://www.linkedin.com/company/morning-coworking/","2026-04-16T12:58:57.902606","0.0"
"CONCEPTION HAUTE TECHNOLOGIE & LOGICIELS (CH LOG)","CONCEPTION HAUTE TECHNOLOGIE & LOGICIELS","","","https://entreprises.lefigaro.fr/conception-haute-technologie-logicie-ch-log-75/entreprise-392744751","12 AVENUE DE CLICHY 75018 PARIS","Paris","Île-de-France","France","75018","Conseil IT","","","","","Société Conception Haute Technologie & Logiciels - CH Log (Paris, 75018) : numéro siret, siren, information, adresse, contact, numero tva intracommunautaire...","392744751","39274475100026","62.01Z","40","40.0","NON_QUALIFIE","","1","5","9","data.gouv.fr/Sirene","False","True","","2026-04-16T12:58:52.463231","0.405"
"GAVANIER INGENIERIE LOGICIELLE","GAVANIER INGENIERIE LOGICIELLE","","","","229 RUE SAINT-HONORE 75001 PARIS","Paris","Île-de-France","France","75001","Informatique","","","","","","910040591","91004059100034","62.01Z","40","40.0","NON_QUALIFIE","","0","4","9","annuaire-entreprises.data.gouv.fr","False","False","","2026-04-16T12:58:52.457572","1.0"
"MAC Store Green","MAC Store Green","","","","","Paris","Île-de-France","France","","Informatique","","","","","","","","","40","40.0","NON_QUALIFIE","","0","4","9","OpenStreetMap","False","False","","2026-04-16T12:58:57.899607","1.0"
"TechCare","TechCare","","","","","Paris","Île-de-France","France","","Informatique","","","","","","","","","40","40.0","NON_QUALIFIE","","0","4","9","OpenStreetMap","False","False","","2026-04-16T12:58:57.899607","1.0"
"Hubsy Café & Coworking","Hubsy Café & Coworking","","01 71 93 17 54","https://www.hubsy.fr","41 Rue Réaumur","Paris","Île-de-France","France","75003","Restauration","","","","","Cafés coworking à Paris. Hubsy est Idéal pour faire du télétravail avec wifi, boissons et snacks à volonté. Pour des sessions de travail de quelques heures, d'une journée, d'une semaine ou d'un mois.","","","","40","40.0","NON_QUALIFIE","","2","5","9","OpenStreetMap","False","True","","2026-04-16T12:58:57.899607","0.518"
"Hubsy République","Hubsy République","","01 71 93 17 54","https://www.hubsy.fr/cafes/republique","","Paris","Île-de-France","France","","Non spécifié","","","","","Notre café Hubsy République situé au 9B Rue Lucien Sampaix, 75010 Paris est joignable au 01 71 93 17 54 avec une ouverture 7j/7, 3 salles de réunion et 3 salles d'appel !","","","","40","40.0","NON_QUALIFIE","","2","5","9","OpenStreetMap","False","True","","2026-04-16T12:58:57.900606","0.0"
"RR Informatique","RR Informatique","","","","","Paris","Île-de-France","France","","Informatique","","","","","","","","","40","40.0","NON_QUALIFIE","","0","4","9","OpenStreetMap","False","False","","2026-04-16T12:58:57.900606","1.0"
"Coworking Republic","Coworking Republic","contact@coworkingrepublic.com","+33 1 42 72 53 86","","","Paris","Île-de-France","France","","Agriculture","","","","","","","","","40","40.0","NON_QUALIFIE","","2","5","9","OpenStreetMap","True","False","","2026-04-16T12:58:57.900606","0.34"
"Viewpay","Viewpay","","","","48 Rue René Clair","Paris","Île-de-France","France","75018","Informatique","","","","","","","","","40","40.0","NON_QUALIFIE","","0","4","9","OpenStreetMap","False","False","","2026-04-16T12:58:57.900606","1.0"
"Métamicro","Métamicro","","","","","Paris","Île-de-France","France","","Informatique","","","","","","","","","40","40.0","NON_QUALIFIE","","0","4","9","OpenStreetMap","False","False","","2026-04-16T12:58:57.900606","1.0"
"Caoba Conseil","Caoba Conseil","","","","23 Rue du Buisson Saint-Louis","Paris","Île-de-France","France","75010","Informatique","","","","","","","","","40","40.0","NON_QUALIFIE","","0","4","9","OpenStreetMap","False","False","","2026-04-16T12:58:57.900606","1.0"
"Nuage Café","Nuage Café","contact@nuagecafe.fr","","https://nuagecafe.fr","","Paris","Île-de-France","France","","Restauration","","","","","Café pour télétravail","","","","40","40.0","NON_QUALIFIE","","2","5","9","OpenStreetMap","True","True","","2026-04-16T12:58:57.900606","0.564"
"Octopuce","Octopuce","","","","25 Rue Popincourt","Paris","Île-de-France","France","75011","Informatique","","","","","","","","","40","40.0","NON_QUALIFIE","","0","4","9","OpenStreetMap","False","False","","2026-04-16T12:58:57.900606","1.0"
"None","None","","","","","Paris","Île-de-France","France","","Informatique","","","","","","","","","40","40.0","NON_QUALIFIE","","0","4","9","OpenStreetMap","False","False","","2026-04-16T12:58:57.901606","1.0"
"OdyNous","OdyNous","","","","","Paris","Île-de-France","France","","Informatique","","","","","","","","","40","40.0","NON_QUALIFIE","","0","4","9","OpenStreetMap","False","False","","2026-04-16T12:58:57.901606","1.0"
"Diskeon","Diskeon","","","","","Paris","Île-de-France","France","","Informatique","","","","","","","","","40","40.0","NON_QUALIFIE","","0","4","9","OpenStreetMap","False","False","","2026-04-16T12:58:57.901606","1.0"
"DEPU Technologie","DEPU Technologie","","","","","Paris","Île-de-France","France","","Informatique","","","","","","","","","40","40.0","NON_QUALIFIE","","0","4","9","OpenStreetMap","False","False","","2026-04-16T12:58:57.901606","1.0"
"Chronodisk","Chronodisk","","","","","Paris","Île-de-France","France","","Informatique","","","","","","","","","40","40.0","NON_QUALIFIE","","0","4","9","OpenStreetMap","False","False","","2026-04-16T12:58:57.901606","1.0"
"Le colibri","Le colibri","","+33 1 53 62 81 91","","","Paris","Île-de-France","France","","Développement logiciel","","","","","impression rapide, espace coworking","","","","40","40.0","NON_QUALIFIE","","1","5","9","OpenStreetMap","False","False","","2026-04-16T12:58:57.902606","0.5"
"Prestashop","Prestashop","","","","","Paris","Île-de-France","France","","Informatique","","","","","","","","","40","40.0","NON_QUALIFIE","","0","4","9","OpenStreetMap","False","False","","2026-04-16T12:58:57.902606","1.0"
"avangarde","avangarde","","","","","Paris","Île-de-France","France","","Informatique","","","","","","","","","40","40.0","NON_QUALIFIE","","0","4","9","OpenStreetMap","False","False","","2026-04-16T12:58:57.902606","1.0"
"Galadrim","Galadrim","","","","","Paris","Île-de-France","France","","Informatique","","","","","","","","","40","40.0","NON_QUALIFIE","","0","4","9","OpenStreetMap","False","False","","2026-04-16T12:58:57.902606","1.0"
"Hongli Informatique","Hongli Informatique","","","","","Paris","Île-de-France","France","","Informatique","","","","","","","","","40","40.0","NON_QUALIFIE","","0","4","9","OpenStreetMap","False","False","","2026-04-16T12:58:57.902606","1.0"
"Informatique world","Informatique world","","","","","Paris","Île-de-France","France","","Informatique","","","","","","","","","40","40.0","NON_QUALIFIE","","0","4","9","OpenStreetMap","False","False","","2026-04-16T12:58:57.902606","1.0"
"Zyteck","Zyteck","","","","","Paris","Île-de-France","France","","Informatique","","","","","","","","","40","40.0","NON_QUALIFIE","","0","4","9","OpenStreetMap","False","False","","2026-04-16T12:58:57.902606","1.0"
"POLYWORKS EUROPA","POLYWORKS EUROPA","","","","62 RUE DE LA CHAUSSEE D'ANTIN 75009 PARIS","Paris","Île-de-France","France","75009","Non spécifié","PME","","10","","","812673028","81267302800013","62.09Z","35","35.0","NON_QUALIFIE","","0","4","9","data.gouv.fr/Sirene","False","False","","2026-04-16T12:59:01.549151","0.0"
"ASSISTANCE LOGICIELS","ASSISTANCE LOGICIELS","","","","48 RUE LABAT 75018 PARIS","Paris","Île-de-France","France","75018","Cybersécurité","","","","","","442464913","44246491300015","62.01Z","30","30.0","NON_QUALIFIE","","0","4","9","data.gouv.fr/Sirene","False","False","","2026-04-16T12:58:52.462673","0.321"
"KAKO SYSTECHCONSEIL EN SYSTEMES, LOGICIELS INFORMATIQUES, ET VENTES DE PRODUITS INFORMATIQUE","KAKO SYSTECHCONSEIL EN SYSTEMES, LOGICIELS INFORMATIQUES, ET VENTES DE PRODUITS INFORMATIQUE","","","","39 RUE DU FAUBOURG POISSONNIERE 75009 PARIS","Paris","Île-de-France","France","75009","Conseil IT","","","","","","928604727","92860472700075","62.02A","30","30.0","NON_QUALIFIE","","0","4","9","annuaire-entreprises.data.gouv.fr","False","False","","2026-04-16T12:58:56.030270","0.489"
"SOCIETE FRANCAISE DE DIFFUSION DE LOGICIELS CYBERLEX (SFDL CYBERLEX)","SOCIETE FRANCAISE DE DIFFUSION DE LOGICIELS CYBERLEX","","","https://app.dataprospects.fr/entreprises/SOCIETE-FRANCAISE-DE-DIFFUSION-DE-LOGICIELS-CYBERLEX/901446526","37 RUE DES MATHURINS 75008 PARIS","Paris","Île-de-France","France","75008","Santé","","","","","SOCIETE FRANCAISE DE DIFFUSION DE LOGICIELS CYBERLEX est une SAS, socit par actions simplifie. Le SIREN qui lui a été attribué est le 901446526. Son année de création est 2021, il y a 5 ans. Son siège social est à PARIS (75008). Son code NAF attribué est le 6202A (Conseil en systmes et logiciels informatiques).","901446526","90144652600013","62.02A","30","30.0","NON_QUALIFIE","","1","4","9","annuaire-entreprises.data.gouv.fr","False","True","","2026-04-16T12:58:56.030270","0.326"
"SOCIETE D'ORGANISATION ET DE DEVELOPPEMENT DE LOGICIELS ASSISTANCE AUX REALISATIONS INGENIERIE ET SERVICES (SOLARIS)","SOCIETE D'ORGANISATION ET DE DEVELOPPEMENT DE LOGICIELS ASSISTANCE AUX REALISATIONS INGENIERIE ET SERVICES","","","","18 RUE PAUL FORT 75014 PARIS","Paris","Île-de-France","France","75014","Conseil IT","","","","","","352884191","35288419100045","62.02A","30","30.0","NON_QUALIFIE","","0","4","9","annuaire-entreprises.data.gouv.fr","False","False","","2026-04-16T12:58:56.030270","0.394"
"Mitwit Office","Mitwit Office","","","https://www.mitwitoffice.com","104 Rue Notre-Dame-de-Nazareth","Paris","Île-de-France","France","75003","Ressources humaines","","","","","Réseau de 40 espaces de travail en France, Belgique et Suisse. Bureaux privatifs et partagés, coworking, salles de réunion, domiciliation et bureaux opérés.","","","","30","30.0","NON_QUALIFIE","","2","4","9","OpenStreetMap","False","True","https://www.linkedin.com/company/mitwit/","2026-04-16T12:58:57.901606","0.333"
"Wework","Wework","","0186652533","","","Paris","Île-de-France","France","","Ressources humaines","","","","","","","","","30","30.0","NON_QUALIFIE","","1","4","9","OpenStreetMap","False","False","","2026-04-16T12:58:57.901606","0.4"
"Chais de France","Chais de France","info@leschaisdefrance.com","03 88 71 79 79","","6 Chemin des Montquartiers","Paris","Île-de-France","France","","Non spécifié","","","","","","","","","30","30.0","NON_QUALIFIE","","1","4","9","OpenStreetMap","False","False","","2026-04-16T12:58:57.902606","0.0"
"SOC ETUDE LOGICIEL INFORMAT MEDIA (SELIM)","SOC ETUDE LOGICIEL INFORMAT MEDIA","","","","4 RUE GREUZE 75016 PARIS","Paris","Île-de-France","France","75016","Marketing & Communication","","","","","","397519018","39751901800022","62.01Z","20","20.0","NON_QUALIFIE","","0","3","9","data.gouv.fr/Sirene","False","False","","2026-04-16T12:58:52.463231","0.375"
"BLUE RIDGE LOGICIELS","BLUE RIDGE LOGICIELS","","","","31 AVENUE DE SEGUR 75007 PARIS","Paris","Île-de-France","France","75007","BTP","","","","","","812533693","81253369300030","62.01Z","20","20.0","NON_QUALIFIE","","0","3","9","annuaire-entreprises.data.gouv.fr","False","False","","2026-04-16T12:58:52.457572","0.32"
"La galerie","La galerie","","","","","Paris","Île-de-France","France","","E-commerce","","","","","","","","","20","20.0","NON_QUALIFIE","","0","3","9","OpenStreetMap","False","False","","2026-04-16T12:58:57.901606","0.328"
"Du 72 au 78","Du 72 au 78","","","","","Paris","Île-de-France","France","","Non spécifié","","","","","","","","","20","20.0","NON_QUALIFIE","","0","3","9","OpenStreetMap","False","False","","2026-04-16T12:58:57.901606","0.0"
"Wojo","Wojo","","","","","Paris","Île-de-France","France","","Non spécifié","","","","","","","","","20","20.0","NON_QUALIFIE","","0","3","9","OpenStreetMap","False","False","","2026-04-16T12:58:57.902606","0.0"
